pc,op
00166E88,E92D4070
00166E8C,E1A04000
00166E90,E1A00620
00166E94,E3500010
00166E98,379FF100
00166EF0,E59F013C
00166EF4,E5900000
00166EF8,E0800004
00166EFC,E2400901
00166F00,E1D000B0
00166F04,E8BD8070
00166F50,E59F00E8
00166F54,E5900000
00166F58,E0800004
00166F5C,E2400903
00166F60,E1D000B0
00166F64,E8BD8070
0016705C,E59F2030
00167060,E1A01000
00167064,E1D200B6
00167068,E3500002
0016706C,9A000003
00167070,E2400002
00167074,E6FF0070
00167078,E1C200B6
0016707C,EA0009C2
0016805C,E0870084
00168060,E0862084
00168064,E1D010B0
00168068,E1D200B0
0016806C,E20110FF
00168070,E20000FF
00168074,EB0006C6
00168078,E5950004
0016807C,E2844001
00168080,E1540000
00168084,3AFFFFF4
00168E2C,E1A02620
00168E30,E3520010
00168E34,379FF102
00168E7C,E59F212C
00168E80,E5922000
00168E84,E3520000
00168E88,1A00000A
00168E90,E59F211C
00168E94,E5922004
00168E98,E0800002
00168E9C,E2400902
00168EA0,E5C01000
00168EA4,E12FFF1E
00168EB8,E320F000
00168EBC,E12FFF12
00168EC0,E59F20F4
00168EC4,E5922000
00168EC8,E0800002
00168ECC,E2400903
00168ED0,EA000003
00168ED4,E59F20D8
00168ED8,E5922000
00168EDC,E0800002
00168EE0,E2400A0D
00168EE4,E5C01000
00168EE8,E12FFF1E
00168F00,E2402CFF
00168F04,E25220FF
00168F08,1A000007
00168F2C,E59F2094
00168F30,E1500002
00168F34,3A000005
00168F38,E59F208C
00168F3C,E5922000
00168F40,E0800002
00168F44,E2400801
00168F48,E5C01080
00168F4C,E12FFF1E
00168F50,E3500CFF
00168F54,3A000002
00168F58,E2400CFF
00168F5C,E20000FF
00168F60,EA00030B
00169018,E1A01620
0016901C,E3510010
00169020,379FF101
00169078,E59F1134
0016907C,E5911000
00169080,E0800001
00169084,E2400901
00169088,EA000009
001690B4,E5D00000
001690B8,E12FFF1E
001690D0,E59F10EC
001690D4,E5911000
001690D8,E0800001
001690DC,E2400903
001690E0,EAFFFFF3
001690E4,E59F10D0
001690E8,E5911000
001690EC,E0800001
001690F0,E2400A0D
001690F4,EAFFFFEE
0016910C,E59F10B4
00169110,E1500001
00169114,3A000005
00169118,E59F10AC
0016911C,E5911000
00169120,E0800001
00169124,E2400801
00169128,E5D00080
0016912C,E12FFF1E
00169130,E3500CFF
00169134,3A00000B
00169138,E59F1090
0016913C,E5912000
00169140,E59F108C
00169144,E0822000
00169148,E5911000
0016914C,E0811000
00169150,E2420801
00169154,E2411801
00169158,E5D00100
0016915C,E5D11100
00169160,E0000001
00169164,E12FFF1E
001691DC,E59F006C
001691E0,E59F1074
001691E4,E5902000
001691E8,E59F0064
001691EC,E5D22000
001691F0,E5903000
001691F4,E59F005C
001691F8,E5D33000
001691FC,E5900000
00169200,E1520003
00169204,1A00000B
00169238,E3A02000
0016923C,E5812068
00169240,E5D01000
00169244,E3C11004
00169248,E5C01000
0016924C,E12FFF1E
0016978C,E92D4070
00169790,E1A04000
00169794,E1A00620
00169798,E3500010
0016979C,E1A05001
001697A0,379FF100
00169848,E59F00E0
0016984C,E5900000
00169850,E0800004
00169854,E2400903
00169858,EA000003
0016986C,E1C010B0
00169870,E8BD8070
00169B94,E92D47F0
00169B98,E240C010
00169B9C,E35C0016
00169BA0,E59F21E0
00169BA4,E59F31E0
00169BA8,E592400C
00169BAC,E5933000
00169BB0,E592E004
00169BB4,8A000003
00169BB8,E59FC1D0
00169BBC,E59CC000
00169BC0,E35C0000
00169BC4,0A00000F
00169BC8,E7D3C000
00169BCC,E5C2C000
00169BD0,E7DEC000
00169BD4,E7D42000
00169BD8,E001100C
00169BDC,E35200FF
00169BE0,07C31000
00169BE4,0A000004
00169BE8,E7D3C000
00169BEC,E0011002
00169BF0,E1CC2002
00169BF4,E1811002
00169BF8,E7C31000
00169BFC,E320F000
00169C00,EB00B0CB
00169C04,E8BD87F0
00169C08,E59F5184
00169C0C,E595C000
00169C10,E35C0C01
00169C14,2AFFFFFA
00169C18,E59F6178
00169C1C,E59F7178
00169C20,E59F8178
00169C24,E086608C
00169C28,E087708C
00169C2C,E1C600B0
00169C30,E59F916C
00169C34,E1C710B0
00169C38,E5988000
00169C3C,E3A06000
00169C40,E28C7001
00169C44,E789810C
00169C48,E59F8158
00169C4C,E7C8600C
00169C50,E5857000
00169C54,E7D3C000
00169C58,E5C2C000
00169C5C,E7DEE000
00169C60,E7D4C000
00169C64,E001100E
00169C68,E35C00FF
00169C6C,07C31000
00169C70,0A000004
00169C88,E350001E
00169C8C,0A000029
00169C90,AA00000D
0016BCBC,E1A01620
0016BCC0,E3510010
0016BCC4,379FF101
0016BD0C,E59F10B4
0016BD10,E5911000
0016BD14,E0800001
0016BD18,E12FFF1E
0016BD1C,E59F10A8
0016BD20,E5911000
0016BD24,E0800001
0016BD28,E2400901
0016BD2C,E12FFF1E
0016BD6C,E59F1064
0016BD70,E1500001
0016BD74,3A000005
0016BD78,E59F105C
0016BD7C,E5911000
0016BD80,E0800001
0016BD84,E2400903
0016BD88,E2400DFE
0016BD8C,E12FFF1E
0017E5E8,E92D47F0
0017E5EC,E2522020
0017E600,E8A00078
0017E604,E2522020
0017E608,E8A00780
0017E60C,28B10078
0017E610,F5D1F040
0017E614,28B10780
0017E618,2AFFFFF8
00195F34,E92D4FF0
00195F38,E350001D
00195F3C,E24DD024
00195F40,E1A07000
00195F44,E3A09000
00195F48,E59F88B4
00195F4C,E59FB8B4
00195F50,E59FA8B4
00195F54,E5984074
00195F58,E5985058
00195F5C,E598604C
00195F60,0A00016D
00195F64,CA00001E
00195F68,E357001C
00195F6C,379FF107
00195FE4,E59F0818
00195FE8,E3570040
00195FEC,E5D03000
00195FF0,E59F0818
00195FF4,E590E000
00195FF8,0A0001C3
00195FFC,AA000010
00196044,E59F27DC
00196048,E59F07D4
0019604C,E2474041
00196050,E3540009
00196054,E592C000
00196058,E59F27A4
0019605C,E3A01006
00196060,E592207C
00196064,379FF104
00196068,EA0001CE
001967A8,E59F0078
001967AC,E5900000
001967B0,E3500000
001967B4,0A000067
001967B8,E59F0138
001967BC,E3570068
001967C0,0A0000EA
001967C4,CA0000A4
001967C8,E3570051
001967CC,0A0000C5
001967D0,AA000094
001967D4,E357004D
001967D8,0A0000BF
001967DC,E357004F
001967E0,1A00005C
00196958,E28DD024
0019695C,E8BD8FF0
00196A5C,E3570069
00196A60,E3A01003
00196A64,E3A02101
00196A68,E3A03202
00196A6C,0A00004A
00196A70,E59F03DC
00196A74,E357006A
00196A78,0A000097
00196A7C,E357006B
00196A80,0A0000A0
00196A84,E3570070
00196A88,1AFFFFB2
00196A8C,E59820C8
00196A90,E59F03C0
00196A94,E59F13C0
00196A98,E5D22000
00196A9C,E5900000
00196AA0,E3120007
00196AA4,12022007
00196AA8,10800602
00196AAC,02800A01
00196AB0,E5810000
00196AB4,E59F03A4
00196AB8,E1D000B0
00196ABC,E2401A0D
00196AC0,E3510A01
00196AC4,2AFFFFA3
00196B9C,E598C07C
00196BA0,E5DCC000
00196BA4,E1D1100C
00196BA8,0A00000D
00196BAC,E59810B8
00196BB0,E598E0BC
00196BB4,E5D11000
00196BB8,E5DEE000
00196BBC,E201C038
00196BC0,E3110001
00196BC4,E2011006
00196BC8,E08CC000
00196BCC,E19C40B1
00196BD0,120440FF
00196BD4,1184E40E
00196BD8,02044CFF
00196BDC,018EE004
00196BE0,E18CE0B1
00196BE4,E59810B8
00196BE8,E5D1C000
00196BEC,E31C0080
00196BF0,0A00002B
00196BF4,E31C0001
00196BF8,0A000014
00196D08,E598C07C
00196D0C,E5DCC000
00196D10,E1D1100C
00196D14,0A00000D
00196D18,E59810C0
00196D1C,E598E0C4
00196D20,E5D11000
00196D24,E5DEE000
00196D28,E201C038
00196D2C,E3110001
00196D30,E2011006
00196D34,E08CC000
00196D38,E19C40B1
00196D3C,120440FF
00196D40,1184E40E
00196D44,02044CFF
00196D48,018EE004
00196D4C,E18CE0B1
00196D50,E59810C0
00196D54,E5D1C000
00196D58,E31C0080
00196D5C,0A00002D
00196D60,E31C0001
00196D64,0A000014
00196DDC,E5C20000
00196DE0,E28DD024
00196DE4,E8BD8FF0
0019E4A4,E92D5FF0
0019E4A8,E3A08000
0019E4AC,E3A09001
0019E4B0,E59F4588
0019E4B4,E59F7588
0019E4B8,E59F3588
0019E4BC,E594B04C
0019E4C0,E5970000
0019E4C4,E35B0000
0019E4C8,0A000020
0019E4CC,E59F5578
0019E4D0,E59F6578
0019E4D4,E284C000
0019E4D8,E35B0001
0019E4DC,E5952000
0019E4E0,E5961000
0019E4E4,E59CC050
0019E4E8,E3A0A003
0019E4EC,0A000022
0019E57C,E5D1B000
0019E580,E21BB003
0019E584,0A00002B
0019E588,E35B0001
0019E58C,0A00004D
0019E590,E59F14A8
0019E594,E35B0002
0019E598,E5910054
0019E59C,E5911074
0019E5A0,0A000012
0019E5A4,E35B0003
0019E5A8,1A000021
0019E5AC,E3500000
0019E5B0,112FFF31
0019E5B4,E5960000
0019E5B8,E5D01000
0019E5BC,E3C11003
0019E5C0,E5C01000
0019E5C4,E2841004
0019E5C8,E8910006
0019E5CC,E0811002
0019E5D0,E5841004
0019E5D4,E5D00000
0019E5D8,E3100008
0019E5DC,0A000010
0019E5E0,E5940068
0019E5E4,E3500000
0019E5E8,0A000009
0019E5F0,E3500000
0019E5F4,012FFF31
0019E5F8,E5960000
0019E5FC,E5D01000
0019E600,E3811003
0019E604,E5C01000
0019E608,E5940004
0019E60C,E5941014
0019E610,EA0000A0
0019E614,E5950000
0019E618,E5D01000
0019E61C,E3811002
0019E620,E5C01000
0019E624,E59F0428
0019E628,E5900000
0019E62C,E3500000
0019E630,1A0000AA
0019E634,E8BD9FF0
0019E638,E5D01000
0019E63C,E2811001
0019E640,E5C01000
0019E644,EBFF2AE4
0019E648,E5970000
0019E64C,E5D00000
0019E650,E3500090
0019E654,2A00000C
0019E658,E5960000
0019E65C,E5D01000
0019E660,E3C11003
0019E664,E3811002
0019E668,E5C01000
0019E66C,E5941004
0019E670,E5942010
0019E674,E0811002
0019E678,E5841004
0019E67C,E5D00000
0019E680,E3100020
0019E684,0AFFFFEA
0019E6C8,E35C0000
0019E6CC,0A000006
0019E6EC,E5D01000
0019E6F0,E2811001
0019E6F4,E5C01000
0019E6F8,EBFF2AB7
0019E6FC,E5970000
0019E700,E5D00000
0019E704,E3500099
0019E708,1A000060
0019E810,E1D151B8
0019E814,E2522001
0019E818,E1C050B2
0019E81C,E1D151B8
0019E820,E1E050B4
0019E824,1AFFFFF9
0019E890,E5940004
0019E894,E594100C
0019E898,E0800001
0019E89C,E5840004
0019E8A0,E8BD9FF0
001A82A4,E5991000
001A82A8,E3510000
001A82AC,0A000009
001A82D8,E320F000
001A82DC,EB000AC7
001A82E0,E59A0000
001A82E4,E3500002
001A82E8,0A00006C
001A82EC,E59F52A8
001A82F0,E59F02A8
001A82F4,E59F62A8
001A82F8,E5850000
001A82FC,E5960000
001A8300,EB000A86
001A8304,E59F029C
001A8308,E5961000
001A830C,E5902000
001A8310,E0421001
001A8314,E3510000
001A8318,E5801000
001A831C,CA000007
001A8320,E59F1284
001A8324,E5911000
001A8328,E5D12000
001A832C,E2822001
001A8330,E5C12000
001A8334,E5901000
001A8338,E2811040
001A833C,E5801000
001A8340,E1A00001
001A8344,E5951000
001A8348,E59FB260
001A834C,E1510000
001A8350,C5850000
001A8354,E5960000
001A8358,E59B1000
001A835C,E0410000
001A8360,E3500000
001A8364,E58B0000
001A8368,DBFFD84D
001A836C,E59B0000
001A8370,E5951000
001A8374,E1510000
001A8378,E59F1234
001A837C,C5850000
001A8380,E5910000
001A8384,E5D00000
001A8388,E3100004
001A838C,0A00001F
001A8390,E2003003
001A8394,E59F021C
001A8398,E5902000
001A839C,E59F0218
001A83A0,E7D00003
001A83A4,E5963000
001A83A8,E0000002
001A83AC,E0400003
001A83B0,E2800001
001A83B4,E3500000
001A83B8,D59F3200
001A83BC,D59F2200
001A83C0,E5840000
001A83C4,CA00000E
001A83C8,E5970000
001A83CC,E5D0C000
001A83D0,E35C00FF
001A83D4,128CC001
001A83D8,0A000031
001A83DC,E5C0C000
001A83E0,E5910000
001A83E4,E5D0C000
001A83E8,E5940000
001A83EC,E20CC003
001A83F0,E798C10C
001A83F4,E080000C
001A83F8,E3500000
001A83FC,E5840000
001A8400,DAFFFFF0
001A8404,E5951000
001A8408,E1510000
001A840C,C5850000
001A8410,E59F11A0
001A8414,E5962000
001A8418,E5910000
001A841C,E0400002
001A8420,E26020FF
001A8424,E35200FF
001A8428,E5810000
001A842C,DA000005
001A8430,E26020FF
001A8434,E1A03FC2
001A8438,E0822C23
001A843C,E3C220FF
001A8440,E0800002
001A8444,E5810000
001A8448,E320F000
001A844C,EBFFD22F
001A8450,E3500000
001A8454,E320F000
001A8458,1A00003C
001A8550,E59F002C
001A8554,E5900000
001A8558,E3500000
001A855C,0AFFFF50
001AA3A8,E92D4070
001AA3AC,E2102A06
001AA3B0,E59F5128
001AA3B4,E3A00000
001AA3B8,0A00000B
001AA3BC,E3520A02
001AA3C0,0A000018
001AA424,E8BD8070
001AA428,E211007F
001AA42C,E5951018
001AA430,03A00001
001AA434,E1500001
001AA438,0AFFFFF9
001AA43C,E59F30A8
001AA440,E5850018
001AA444,E5952020
001AA448,E59F1098
001AA44C,E5933000
001AA450,E0000002
001AA454,E0830700
001AA458,E5850000
001AA45C,E1D110B0
001AA460,E2412901
001AA464,E3520901
001AA468,2AFFFFED
001AAD20,E59F100C
001AAD24,E59120D0
001AAD28,E0800002
001AAD2C,E58100D0
001AAD30,E12FFF1E
001AAE00,E92D4FF8
001AAE04,E3A07000
001AAE08,E59F4F00
001AAE0C,E59F8F00
001AAE10,E59F6F00
001AAE14,E5940010
001AAE18,E3500000
001AAE1C,0A00004D
001AAE20,E5980000
001AAE24,E5D0100F
001AAE28,E5D000FF
001AAE2C,E0111000
001AAE30,0A000048
001AAE34,E59F0EE0
001AAE38,E3110001
001AAE3C,E5900000
001AAE40,0A00000A
001AAE70,E3110002
001AAE74,0A000009
001AAE78,E5D01000
001AAE7C,E3C11002
001AAE80,E5C01000
001AAE84,E1D400B4
001AAE88,EBFEF073
001AAE8C,E3A00048
001AAE90,E1C400B4
001AAE94,E5960000
001AAE98,E2800048
001AAE9C,EA00000A
001AAECC,E5840018
001AAED0,EA00001C
001AAF48,E5940014
001AAF4C,E3C00001
001AAF50,E5840014
001AAF54,E5847010
001AAF58,E5940014
001AAF5C,E3500000
001AAF60,15940008
001AAF64,059F5DB8
001AAF68,1584000C
001AAF6C,0584700C
001AAF70,1A001123
001AAF74,E1D400B4
001AAF78,E2800001
001AAF7C,E1C400B4
001AAF80,E5940018
001AAF84,E4D01001
001AAF88,E5CD1000
001AAF8C,E5840018
001AAF90,E5DD0000
001AAF94,E3500080
001AAF98,0A0004A1
001AAF9C,AA000082
001AAFA0,E3500080
001AAFA4,379FF100
001AB1AC,E2400081
001AB1B0,E350007F
001AB1B4,379FF100
001AB3E0,E5D51001
001AB3E4,E1D500B2
001AB3E8,EBFEF68F
001AB3EC,E594000C
001AB3F0,E2800002
001AB3F4,EA000FFE
001AB434,E5D50003
001AB438,E3A0200F
001AB43C,E2400001
001AB440,E21000FF
001AB444,13A01000
001AB448,03A01080
001AB44C,E5C50003
001AB450,E1D20000
001AB454,0A00028A
001AB458,EA000287
001AB45C,E5940018
001AB460,E4D01001
001AB464,E5C51003
001AB468,E5840018
001AB46C,E1D400B4
001AB470,E2800001
001AB474,E1C400B4
001AB478,E594000C
001AB47C,E2800002
001AB480,EA000FDB
001AB4E0,E1D500B6
001AB4E4,E1D520B2
001AB4E8,E0801002
001AB4EC,E0222000
001AB4F0,E6FF0071
001AB4F4,E0222000
001AB4F8,E2122A01
001AB4FC,13A02020
001AB500,E3110801
001AB504,E5D51000
001AB508,E2011080
001AB50C,E1822001
001AB510,1A000230
001AB514,EA000231
001AB518,E1D500B2
001AB51C,EBFEF6BD
001AB520,E5C50001
001AB524,E594000C
001AB528,E2800002
001AB52C,EA000FB0
001AB530,E1D500B2
001AB534,E2400001
001AB538,E1C500B2
001AB53C,E594000C
001AB540,E2800002
001AB544,EA000FAA
001AB548,E5D50002
001AB54C,E2800001
001AB550,E21000FF
001AB554,13A01000
001AB558,03A01080
001AB55C,E310000F
001AB560,E5C50002
001AB564,1A000182
001AB56C,E5D50002
001AB570,E3A0200F
001AB574,E2400001
001AB578,E21000FF
001AB57C,13A01000
001AB580,03A01080
001AB584,E5C50002
001AB588,E1D20000
001AB58C,0A00023C
001AB590,EA000239
001AB784,E5D51001
001AB788,E1D500B4
001AB78C,EBFEF5A6
001AB790,E594000C
001AB794,E2800002
001AB798,EA000F15
001AB79C,E1D500B4
001AB7A0,E2800001
001AB7A4,E1C500B4
001AB7A8,E594000C
001AB7AC,E2800002
001AB7B0,EA000F0F
001AB800,E5940018
001AB804,E4D01001
001AB808,E5C51005
001AB80C,E5840018
001AB810,E1D400B4
001AB814,E2800001
001AB818,E1C400B4
001AB81C,E594000C
001AB820,E2800002
001AB824,EA000EF2
001AB84C,E5940018
001AB850,E1D410B4
001AB854,E1D000D0
001AB858,E2811001
001AB85C,E0800001
001AB860,E6FF0070
001AB864,E1C400B4
001AB868,EBFF0113
001AB86C,E5840018
001AB870,E594000C
001AB874,E2800003
001AB878,EA000EDD
001AB87C,E1D500B6
001AB880,E1D520B4
001AB884,E0801002
001AB888,E0222000
001AB88C,E6FF0071
001AB890,E0222000
001AB894,E2122A01
001AB898,13A02020
001AB89C,E3110801
001AB8A0,E5D51000
001AB8A4,E2011080
001AB8A8,E1822001
001AB8AC,1A000149
001AB8B0,EA00014A
001AB8B4,E1D500B4
001AB8B8,EBFEF5D6
001AB8BC,E5C50001
001AB8C0,E594000C
001AB8C4,E2800002
001AB8C8,EA000EC9
001AB978,E5D50000
001AB97C,E3100080
001AB980,0AFFFFB1
001AB984,E1D400B4
001AB988,E2800001
001AB98C,E1C400B4
001AB990,E5940018
001AB994,E2800001
001AB998,E5840018
001AB99C,E594000C
001AB9A0,E2800002
001AB9A4,EA000E92
001AB9A8,E5940018
001AB9AC,E0D010B2
001AB9B0,E1C510B6
001AB9B4,E1D410B4
001AB9B8,E2811002
001AB9BC,E1C410B4
001AB9C0,E5840018
001AB9C4,E594000C
001AB9C8,E2800003
001AB9CC,EA000E88
001AB9D0,E1D500B6
001AB9D4,E2801001
001AB9D8,E1C510B6
001AB9DC,E5D51001
001AB9E0,EBFEF511
001AB9E4,E594000C
001AB9E8,E2800002
001AB9EC,EA000E80
001AB9F0,E1D500B6
001AB9F4,E2800001
001AB9F8,E1C500B6
001AB9FC,E594000C
001ABA00,E2800002
001ABA04,EA000E7A
001ABA2C,E1800001
001ABA30,E5D51000
001ABA34,E2011010
001ABA38,E1800001
001ABA3C,EA0003EB
001ABA68,E5940018
001ABA6C,E4D01001
001ABA70,E5C51007
001ABA74,E5840018
001ABA78,E1D400B4
001ABA7C,E2800001
001ABA80,E1C400B4
001ABA84,E594000C
001ABA88,E2800002
001ABA8C,EA000E58
001ABACC,E5D50000
001ABAD0,E3100080
001ABAD4,0AFFFFAA
001ABAD8,EAFFFF5B
001ABADC,E1D500B6
001ABAE0,E5D52000
001ABAE4,E1A01080
001ABAE8,E2022080
001ABAEC,E6FF0071
001ABAF0,E2103A01
001ABAF4,13A03020
001ABAF8,E2111801
001ABAFC,E1822003
001ABB00,1A0000B4
001ABB04,E1811002
001ABB08,E5C51000
001ABB0C,E1C500B6
001ABB10,E594000C
001ABB14,E2800002
001ABB18,EA000E35
001ABB1C,E1D500B6
001ABB20,E2801001
001ABB24,E1C510B6
001ABB28,EBFEF53A
001ABB2C,E5C50001
001ABB30,E594000C
001ABB34,E2800002
001ABB38,EA000E2D
001ABB74,E3A00000
001ABB78,EAFFFFAB
001ABBAC,E1810280
001ABBB0,E5D51000
001ABBB4,E2011010
001ABBB8,E1800001
001ABBBC,EA0003FB
001ABC00,E5D50000
001ABC04,E3100010
001ABC08,1AFFFF5D
001ABC0C,EAFFFF0E
001ABCBC,E1D500B6
001ABCC0,EBFEF4D4
001ABCC4,E2400001
001ABCC8,E21010FF
001ABCCC,13A00000
001ABCD0,03A00080
001ABCD4,E3A0200F
001ABCD8,E1D22001
001ABCDC,03A02001
001ABCE0,13A02000
001ABCE4,E1800282
001ABCE8,E5D52000
001ABCEC,E2022010
001ABCF0,E1800002
001ABCF4,E3800040
001ABCF8,E5C50000
001ABCFC,E1D500B6
001ABD00,EBFEF449
001ABD04,E594000C
001ABD08,E2800003
001ABD0C,EA000DB8
001ABD94,E5D50000
001ABD98,E3100010
001ABD9C,0AFFFEF8
001ABDA0,EAFFFEA9
001ABDE0,E3A01000
001ABDE4,EAFFFF46
001ABE20,E5D50001
001ABE24,E2800001
001ABE28,E21000FF
001ABE2C,13A01000
001ABE30,03A01080
001ABE34,E310000F
001ABE38,E5C50001
001ABE3C,13A00000
001ABE40,03A00020
001ABE44,E1800001
001ABE48,E5D51000
001ABE4C,E2011010
001ABE50,E1800001
001ABE54,EA0002E5
001ABE58,E5D50001
001ABE5C,E3A0200F
001ABE60,E2400001
001ABE64,E21000FF
001ABE68,13A01000
001ABE6C,03A01080
001ABE70,E5C50001
001ABE74,E1D20000
001ABE78,0A000001
001ABE7C,E3A00000
001ABE80,EAFFFF49
001ABE84,E3A00001
001ABE88,EAFFFF47
001ABE8C,E5940018
001ABE90,E4D01001
001ABE94,E5C51001
001ABE98,E5840018
001ABE9C,E1D400B4
001ABEA0,E2800001
001ABEA4,E1C400B4
001ABEA8,E594000C
001ABEAC,E2800002
001ABEB0,EA000D4F
001ABEF0,E5D50007
001ABEF4,E5C50003
001ABEF8,EA0000C6
001ABF1C,E5D50001
001ABF20,EAFFFFF3
001ABF44,E5D50006
001ABF48,EA000006
001ABF64,E5D50001
001ABF68,E5C50002
001ABF6C,EA0000A9
001ABF98,E1D500B6
001ABF9C,EBFEF41D
001ABFA0,E5C50005
001ABFA4,E594000C
001ABFA8,E2800002
001ABFAC,EA000D10
001ABFB0,E5D50001
001ABFB4,E5C50005
001ABFB8,EA000096
001ABFE4,E1D500B6
001ABFE8,EBFEF40A
001ABFEC,E5C50004
001ABFF0,E594000C
001ABFF4,E2800002
001ABFF8,EA000CFD
001ABFFC,E5D50001
001AC000,E5C50004
001AC004,EA000083
001AC030,E1D500B6
001AC034,EBFEF3F7
001AC038,E5C50007
001AC03C,E594000C
001AC040,E2800002
001AC044,EA000CEA
001AC04C,E5C50007
001AC050,EA000070
001AC09C,E5D50001
001AC0A0,E5C50006
001AC0A4,E594000C
001AC0A8,E2800001
001AC0AC,EA000CD0
001AC0C8,E5D51002
001AC0CC,E1D500B6
001AC0D0,EBFEF355
001AC0D4,E594000C
001AC0D8,E2800002
001AC0DC,EA000CC4
001AC0E0,E5D51005
001AC0E4,E1D500B6
001AC0E8,EBFEF34F
001AC0EC,E594000C
001AC0F0,E2800002
001AC0F4,EA000CBE
001AC0F8,E5D51004
001AC0FC,E1D500B6
001AC100,EBFEF349
001AC104,E594000C
001AC108,E2800002
001AC10C,EA000CB8
001AC140,E5940010
001AC144,E3500000
001AC148,0A000032
001AC14C,E5980000
001AC150,E5D000FF
001AC154,E3500000
001AC158,0A00002E
001AC15C,E5940014
001AC160,E3800001
001AC164,E5840014
001AC168,E5940008
001AC16C,EA000CA0
001AC170,E5D51001
001AC174,E1D500B6
001AC178,EBFEF32B
001AC17C,E594000C
001AC180,E2800002
001AC184,EA000C9A
001AC188,E5D50003
001AC18C,E5C50001
001AC190,E594000C
001AC194,E2800001
001AC198,EA000C95
001AC19C,E5D50002
001AC1A0,E5C50001
001AC1A4,E594000C
001AC1A8,E2800001
001AC1AC,EA000C90
001AC1B0,E5D50005
001AC1B4,E5C50001
001AC1B8,E594000C
001AC1BC,E2800001
001AC1C0,EA000C8B
001AC1C4,E5D50004
001AC1C8,E5C50001
001AC1CC,E594000C
001AC1D0,E2800001
001AC1D4,EA000C86
001AC200,E1D500B6
001AC204,EBFEF383
001AC208,E5C50001
001AC20C,E594000C
001AC210,E2800002
001AC214,EA000C76
001AC218,E594000C
001AC21C,E2800001
001AC220,EA000C73
001AC28C,E2002C01
001AC290,E1811083
001AC294,E1811222
001AC298,E5C51000
001AC29C,E5C50001
001AC2A0,E594000C
001AC2A4,E2800001
001AC2A8,EA000C51
001AC318,E2001C01
001AC31C,E1822083
001AC320,E1821221
001AC324,E5C51000
001AC328,E5C50001
001AC32C,E594000C
001AC330,E2800001
001AC334,EA000C2E
001AC368,E1D500B6
001AC36C,EBFEF329
001AC370,E5D52001
001AC374,E0821000
001AC378,E0203001
001AC37C,E0222003
001AC380,E31100FF
001AC384,E2022010
001AC388,13A03000
001AC38C,03A03080
001AC390,E2010C01
001AC394,E1832082
001AC398,E1820220
001AC39C,E5C50000
001AC3A0,E5C51001
001AC3A4,E594000C
001AC3A8,E2800002
001AC3AC,EA000C10
001AC3B0,E5D50001
001AC3B4,E1A00080
001AC3B8,E31000FF
001AC3BC,0A000001
001AC3C0,E3A02000
001AC3C4,EA000000
001AC3CC,E2003010
001AC3D0,EAFFFFD0
001AC51C,E3A01000
001AC520,EAFFFF59
001AC918,E3800020
001AC91C,EA000033
001AC9B4,E3800020
001AC9B8,EA000A08
001AC9BC,E5D50001
001AC9C0,E3500000
001AC9C4,0A000001
001AC9C8,E3A00000
001AC9CC,EAFFFFD1
001AC9D0,E3A00080
001AC9D4,EAFFFFCF
001AC9F0,E5C50000
001AC9F4,E594000C
001AC9F8,E2800001
001AC9FC,EA000A7C
001ACA94,E3A00080
001ACA98,E5C57001
001ACA9C,EAFFFFD3
001ACAB8,E5D50001
001ACABC,E5D51002
001ACAC0,E1900001
001ACAC4,E5C50001
001ACAC8,1A000025
001ACAD0,E5D50001
001ACAD4,E5D51005
001ACAD8,E1900001
001ACADC,E5C50001
001ACAE0,1A00001F
001ACB30,E1D500B6
001ACB34,EBFEF137
001ACB38,E5D51001
001ACB3C,E1900001
001ACB40,E5C50001
001ACB44,0A000001
001ACB48,E3A00000
001ACB4C,EA0009A3
001ACB64,E3A00000
001ACB68,EAFFFFA0
001ACB98,E3A02000
001ACB9C,EA000000
001ACBA4,E2000C01
001ACBA8,E1821081
001ACBAC,E1810220
001ACBB0,E3800040
001ACBB4,EAFFFF8D
001ACC58,E5D50001
001ACC5C,E5D51006
001ACC60,E0402001
001ACC64,E0211000
001ACC68,E6FF0072
001ACC6C,E0211000
001ACC70,E31000FF
001ACC74,E2011010
001ACC78,0AFFFFC8
001ACC7C,EAFFFFC5
001ACC80,E1D500B6
001ACC84,EBFEF0E3
001ACC88,E5D52001
001ACC8C,E0421000
001ACC90,E6FF1071
001ACC94,E0200001
001ACC98,E31100FF
001ACC9C,E0200002
001ACCA0,E2002010
001ACCA4,13A00000
001ACCA8,03A00080
001ACCAC,E2011C01
001ACCB0,E1800082
001ACCB4,E1800221
001ACCB8,EA0009B5
001ACCC4,E5D50000
001ACCC8,E3100080
001ACCCC,0A000072
001ACCD0,E594000C
001ACCD4,E2800002
001ACCD8,EA0009C5
001ACCDC,E1D400B6
001ACCE0,E2859002
001ACCE4,EBFEE867
001ACCE8,E1C900B0
001ACCEC,E1D400B6
001ACCF0,E2800002
001ACCF4,E1C400B6
001ACCF8,E594000C
001ACCFC,E2800003
001ACD00,EA0009BB
001ACD04,E5D50000
001ACD08,E3100080
001ACD0C,0A00007D
001ACD10,E1D400B4
001ACD14,E2800002
001ACD18,E1C400B4
001ACD1C,E5940018
001ACD20,E2800002
001ACD24,E5840018
001ACD28,E594000C
001ACD2C,E2800003
001ACD30,EA0009AF
001ACD34,E5940018
001ACD38,E1D000B0
001ACD3C,E1C400B4
001ACD40,EBFEFBDD
001ACD44,E5840018
001ACD48,E320F000
001ACD4C,EA000020
001ACD78,E5940018
001ACD7C,E1D000B0
001ACD80,E1C400B4
001ACD84,EBFEFBCC
001ACD88,E5840018
001ACD8C,E594000C
001ACD90,E2800006
001ACD94,EA000996
001ACD98,E1D400B6
001ACD9C,E1D510B2
001ACDA0,E3500002
001ACDA4,9A000006
001ACDA8,E2400002
001ACDAC,E6FF0070
001ACDB0,E1C400B6
001ACDB4,EBFEF274
001ACDB8,E320F000
001ACDBC,E320F000
001ACDC0,EA000003
001ACDD4,E594000C
001ACDD8,E2800004
001ACDDC,EA000984
001ACDE0,E5940018
001ACDE4,E2802001
001ACDE8,E5D01000
001ACDEC,E5842018
001ACDF0,E1D400B4
001ACDF4,E2800001
001ACDF8,E1C400B4
001ACDFC,E5D52001
001ACE00,E0820001
001ACE04,E0213000
001ACE08,E0222003
001ACE0C,E31000FF
001ACE10,E2022010
001ACE14,13A03000
001ACE18,03A03080
001ACE1C,E2001C01
001ACE20,E1832082
001ACE24,E1821221
001ACE28,E5C51000
001ACE2C,E5C50001
001ACE30,E594000C
001ACE34,E2800002
001ACE38,EA00096D
001ACE90,E5D50000
001ACE94,E3100080
001ACE98,0AFFFF8C
001ACE9C,E59F9DFC
001ACEA0,E1D400B6
001ACEA4,EBFEE7F7
001ACEA8,E1C900B0
001ACEAC,E1D410B6
001ACEB0,E2811002
001ACEB4,E1C410B6
001ACEB8,EBFEFB7F
001ACEBC,E5840018
001ACEC0,E594000C
001ACEC4,E2800005
001ACEC8,EA000949
001ACECC,E59F9DCC
001ACED0,E1D400B6
001ACED4,EBFEE7EB
001ACED8,E1C900B0
001ACEDC,E1D410B6
001ACEE0,E2811002
001ACEE4,E1C410B6
001ACEE8,EBFEFB73
001ACEEC,E5840018
001ACEF0,E594000C
001ACEF4,E2800004
001ACEF8,EA00093D
001ACEFC,E5D50000
001ACF00,E3100080
001ACF04,0AFFFF81
001ACF08,E5940018
001ACF0C,E1D000B0
001ACF10,E1C400B4
001ACF14,EBFEFB68
001ACF18,E5840018
001ACF1C,E594000C
001ACF20,E2800004
001ACF24,EA000932
001ACF28,E1D400B4
001ACF2C,E2800001
001ACF30,E1C400B4
001ACF34,E5940018
001ACF38,E4D01001
001ACF3C,E5840018
001ACF40,E3510080
001ACF44,05D50003
001ACF48,020000FE
001ACF4C,0A00059F
001ACF50,CA000082
001ACF54,E3510080
001ACF58,379FF101
001AD160,E2410081
001AD164,E350007F
001AD168,379FF100
001AD394,E1800001
001AD398,EA0001EB
001AD3C4,E1800001
001AD3C8,EA0001DF
001AD65C,E5D50005
001AD660,E5D51000
001AD664,E2011010
001AD668,E1A02080
001AD66C,E2000080
001AD670,E1822221
001AD674,E1A011A0
001AD678,E21200FF
001AD67C,E5C50005
001AD680,1A000093
001AD8D4,E3A00000
001AD8D8,EAFFFEAD
001AD950,E5D50004
001AD954,E1A01C80
001AD958,E2000080
001AD95C,E1B01C21
001AD960,E1A001A0
001AD964,E5C50000
001AD968,E5C51004
001AD96C,1A0000D3
001ADB4C,E5C50000
001ADB50,EAFFFC5E
001ADC1C,E5D50003
001ADC20,E1A02F80
001ADC24,E1B010A0
001ADC28,E1A00DA2
001ADC2C,E5C50000
001ADC30,E5C51003
001ADC34,1A000021
001ADCC0,E3A01000
001ADCC4,EAFFFDB2
001ADCC8,E3A01080
001ADCCC,EAFFFDB0
001ADD1C,E5D50001
001ADD20,E1A01F80
001ADD24,E1B000A0
001ADD28,E1A01DA1
001ADD2C,E5C51000
001ADD30,E5C50001
001ADD34,0A000001
001ADD38,E3A00000
001ADD3C,EAFFFDA0
001ADD40,E3A00080
001ADD44,EAFFFD9E
001ADD5C,E3A000A0
001ADD60,E5D51000
001ADD64,E2011010
001ADD68,EAFFFD89
001ADDBC,E1D500B6
001ADDC0,EBFEEC94
001ADDC4,E3100001
001ADDC8,E320F000
001ADDCC,0A000001
001ADDD0,E3A00020
001ADDD4,EA000000
001ADDD8,E3A000A0
001ADDDC,E5D51000
001ADDE0,E2011010
001ADDE4,E1800001
001ADDE8,E5C50000
001ADDEC,E594000C
001ADDF0,E2800003
001ADDF4,EA00057E
001ADE68,E1D500B6
001ADE6C,EBFEEC69
001ADE70,E3100002
001ADE74,E320F000
001ADE78,0AFFFFD6
001ADEF0,E1D500B6
001ADEF4,EBFEEC47
001ADEF8,E3100004
001ADEFC,E320F000
001ADF00,0AFFFFB4
001AE000,E1D500B6
001AE004,EBFEEC03
001AE008,E3100010
001AE00C,E320F000
001AE010,0AFFFF70
001AE014,EAFFFF6D
001AE088,E1D500B6
001AE08C,EBFEEBE1
001AE090,E3100020
001AE094,E320F000
001AE098,0AFFFF4E
001AE110,E1D500B6
001AE114,EBFEEBBF
001AE118,E3100040
001AE11C,E320F000
001AE120,0AFFFF2C
001AEAF8,E1D410B4
001AEAFC,E1D400B6
001AEB00,E2811002
001AEB04,E3500002
001AEB08,E6FF1071
001AEB0C,9A000006
001AEB10,E2400002
001AEB14,E6FF0070
001AEB18,E1C400B6
001AEB1C,EBFEEB1A
001AEB20,E320F000
001AEB24,E320F000
001AEB28,EAFFF892
001AEC14,E1D400B6
001AEC18,E2859004
001AEC1C,EBFEE099
001AEC20,E1C900B0
001AEC24,E1D400B6
001AEC28,E2800002
001AEC2C,E1C400B6
001AEC30,E594000C
001AEC34,E2800003
001AEC38,EA0001ED
001AEC74,E1D400B6
001AEC78,E1D510B4
001AEC7C,E3500002
001AEC80,9AFFF84F
001AEC84,EAFFF847
001AECEC,E1D400B6
001AECF0,E1D410B4
001AECF4,E3500002
001AECF8,9A000006
001AECFC,E2400002
001AED00,E6FF0070
001AED04,E1C400B6
001AED08,EBFEEA9F
001AED0C,E320F000
001AED10,E320F000
001AED14,EA000003
001AED28,E3A00010
001AED2C,E1C400B4
001AED30,E5960000
001AED34,E2800010
001AED38,E5840018
001AED3C,E594000C
001AED40,E2800004
001AED44,EA0001AA
001AED58,E59F96AC
001AED5C,E1D400B6
001AED60,EBFEE048
001AED64,E1C900B0
001AED68,E1D410B6
001AED6C,E2811002
001AED70,E1C410B6
001AED74,EBFEF3D0
001AED78,E3A01001
001AED7C,E5840018
001AED80,E5841010
001AED84,E594000C
001AED88,E2800004
001AED8C,E584000C
001AED90,E5840008
001AED94,EA000197
001AEE84,E5940018
001AEE88,E5D51001
001AEE8C,E5D00000
001AEE90,E2800CFF
001AEE94,E6FF0070
001AEE98,EBFEE7E3
001AEE9C,E1D400B4
001AEEA0,E2800001
001AEEA4,E1C400B4
001AEEA8,E5940018
001AEEAC,E2800001
001AEEB0,E5840018
001AEEB4,E594000C
001AEEB8,E2800003
001AEEBC,EA00014C
001AEEC0,E1D400B6
001AEEC4,E2859006
001AEEC8,EBFEDFEE
001AEECC,E1C900B0
001AEED0,E1D400B6
001AEED4,E2800002
001AEED8,E1C400B6
001AEEDC,E594000C
001AEEE0,E2800003
001AEEE4,EA000142
001AEEE8,E5D50002
001AEEEC,E5D51001
001AEEF0,E2800CFF
001AEEF4,E6FF0070
001AEEF8,EBFEE7CB
001AEEFC,E594000C
001AEF00,E2800002
001AEF04,EA00013A
001AEF08,E1D400B6
001AEF0C,E1D510B6
001AEF10,E3500002
001AEF14,9AFFF7AA
001AEF18,EAFFF7A2
001AEF1C,E5940018
001AEF20,E5D51001
001AEF24,E4D02001
001AEF28,E0111002
001AEF2C,E5C51001
001AEF30,E5840018
001AEF34,E1D400B4
001AEF38,E2800001
001AEF3C,E1C400B4
001AEF40,0A000001
001AEF44,E3A00000
001AEF48,EAFFF699
001AEF4C,E3A00080
001AEF50,EAFFF697
001AF034,E1D500B6
001AF038,E1C400B4
001AF03C,EBFEF31E
001AF040,E5840018
001AF044,E594000C
001AF048,E2800001
001AF04C,EA0000E8
001AF050,E5940018
001AF054,E5D51001
001AF058,E1D000B0
001AF05C,EBFEE772
001AF060,E1D400B4
001AF064,E2800002
001AF068,E1C400B4
001AF06C,E5940018
001AF070,E2800002
001AF074,E5840018
001AF078,E594000C
001AF07C,E2800004
001AF080,EA0000DB
001AF10C,E5940018
001AF110,E5D00000
001AF114,E2800CFF
001AF118,E6FF0070
001AF120,E5C50001
001AF124,E1D400B4
001AF128,E2800001
001AF12C,E1C400B4
001AF130,E5940018
001AF134,E2800001
001AF138,E5840018
001AF13C,E594000C
001AF140,E2800003
001AF144,EA0000AA
001AF148,E59F92C0
001AF14C,E1D400B6
001AF150,EBFEDF4C
001AF154,E1C900B0
001AF158,E1D400B6
001AF15C,E2800002
001AF160,E1C400B6
001AF164,E594000C
001AF168,E2800003
001AF16C,EA0000A0
001AF1A0,E1D400B6
001AF1A4,E1D510B0
001AF1A8,E3500002
001AF1AC,9AFFF704
001AF1B0,EAFFF6FC
001AF1E0,E5C50000
001AF1E4,E594000C
001AF1E8,E2800002
001AF1EC,EA000080
001AF2E4,E5940018
001AF2E8,E1D000B0
001AF2EC,EBFEE749
001AF2F0,E5C50001
001AF2F4,E1D400B4
001AF2F8,E2800002
001AF2FC,E1C400B4
001AF300,E5940018
001AF304,E2800002
001AF308,E5840018
001AF30C,E594000C
001AF310,E2800004
001AF314,EA000036
001AF348,E5940018
001AF34C,E2802001
001AF350,E5D01000
001AF354,E5842018
001AF358,E1D400B4
001AF35C,E2800001
001AF360,E1C400B4
001AF364,E5D52001
001AF368,E0420001
001AF36C,E6FF0070
001AF370,E0211000
001AF374,E31000FF
001AF378,E0211002
001AF37C,E2012010
001AF380,13A01000
001AF384,03A01080
001AF388,E2000C01
001AF38C,E1811082
001AF390,E1810220
001AF394,E3800040
001AF398,EAFFFF90
001AF3F4,E584000C
001AF3F8,E1C400D8
001AF3FC,E1510000
001AF400,BAFFEEDB
001AF404,E8BD8FF8
